<?xml version="1.0" encoding="UTF-8" standalone="yes"?>
<addon id="service.net.snmpd"
       name="snmpd"
       version="0.99.2"
       provider-name="jlim0930">
  <requires>
    <import addon="os.openelec.tv" version="4.0"/>
    <import addon="xbmc.python" version="2.1.0"/>

  </requires>
  <extension point="xbmc.service"
             library="default.py">
        <provides>executable</provides>
  </extension>
  <extension point="xbmc.addon.metadata">
    <summary>NET-SNMP agent software. Based on net-snmp-5.7.2</summary>
    <description>
NET-SNMP agent minimal software. Done jlim0930
    </description>
    <disclaimer>

    </disclaimer>
    <platform>all</platform>
  </extension>
</addon>
